{"count":1,"self":264.2881536,"total":1004.089564,"children":{"InitializeActuators":{"count":20,"self":0.001389,"total":0.001389,"children":null},"InitializeSensors":{"count":20,"self":0.002274,"total":0.002274,"children":null},"AgentSendState":{"count":258801,"self":2.3060009999999997,"total":87.013331,"children":{"CollectObservations":{"count":1725340,"self":70.2485312,"total":70.248528999999991,"children":null},"WriteActionMask":{"count":1725340,"self":0.44043899999999997,"total":0.44043899999999997,"children":null},"RequestDecision":{"count":1725340,"self":1.67015,"total":14.018362,"children":{"AgentInfo.ToProto":{"count":1725340,"self":1.2877809999999998,"total":12.348212,"children":{"GenerateSensorData":{"count":1725340,"self":11.0604312,"total":11.060431,"children":null}}}}}}},"DecideAction":{"count":258801,"self":474.1236224,"total":474.12363999999997,"children":null},"AgentAct":{"count":258801,"self":178.372928,"total":178.502058,"children":{"AgentInfo.ToProto":{"count":10152,"self":0.029599999999999998,"total":0.129128,"children":{"GenerateSensorData":{"count":10152,"self":0.099527999999999991,"total":0.099527999999999991,"children":null}}}}},"AgentInfo.ToProto":{"count":13190,"self":0.034221,"total":0.158138,"children":{"GenerateSensorData":{"count":13190,"self":0.123917,"total":0.123917,"children":null}}}},"gauges":{"BipedalAgent_v4.CumulativeReward":{"count":23342,"max":5293.62354,"min":517.8316,"runningAverage":2992.45435,"value":1407.0686,"weightedAverage":3569.03027}},"metadata":{"timer_format_version":"0.1.0","start_time_seconds":"1770179592","unity_version":"6000.0.65f1","command_line_arguments":"\/home\/kwon\/Unity\/Hub\/Editor\/6000.0.65f1\/Editor\/Unity -projectpath \/home\/kwon\/Bipedal_Robot -acceptSoftwareTermsForThisRunOnly -useHub -hubIPC -cloudEnvironment production","communication_protocol_version":"1.5.0","com.unity.ml-agents_version":"4.0.0","scene_name":"SampleScene","end_time_seconds":"1770180596"}}