{"count":1,"self":127.1500416,"total":585.601102,"children":{"InitializeActuators":{"count":25,"self":0.001111,"total":0.001111,"children":null},"InitializeSensors":{"count":25,"self":0.00077,"total":0.00077,"children":null},"AgentSendState":{"count":153851,"self":1.144304,"total":21.633699999999997,"children":{"CollectObservations":{"count":1282100,"self":16.065696,"total":16.065696,"children":null},"WriteActionMask":{"count":1282100,"self":0.23058299999999998,"total":0.23058299999999998,"children":null},"RequestDecision":{"count":1282100,"self":1.060744,"total":4.193117,"children":{"AgentInfo.ToProto":{"count":1282100,"self":0.77916,"total":3.132373,"children":{"GenerateSensorData":{"count":1282100,"self":2.3532129999999998,"total":2.3532129999999998,"children":null}}}}}}},"DecideAction":{"count":153851,"self":394.5358336,"total":394.535831,"children":null},"AgentAct":{"count":153851,"self":41.6733632,"total":42.107817,"children":{"AgentInfo.ToProto":{"count":96856,"self":0.117493,"total":0.434453,"children":{"GenerateSensorData":{"count":96856,"self":0.31695999999999996,"total":0.31695999999999996,"children":null}}}}},"AgentInfo.ToProto":{"count":28978,"self":0.058761999999999995,"total":0.17157599999999998,"children":{"GenerateSensorData":{"count":28978,"self":0.112814,"total":0.112814,"children":null}}}},"gauges":{"BipedalAgent_v2.CumulativeReward":{"count":125834,"max":560.8326,"min":-2756.6106,"runningAverage":34.8530655,"value":-169.300888,"weightedAverage":53.14998}},"metadata":{"timer_format_version":"0.1.0","start_time_seconds":"1768875845","unity_version":"6000.0.65f1","command_line_arguments":"\/home\/kwon\/Unity\/Hub\/Editor\/6000.0.65f1\/Editor\/Unity -projectpath \/home\/kwon\/Bipedal_Robot -acceptSoftwareTermsForThisRunOnly -useHub -hubIPC -cloudEnvironment production","communication_protocol_version":"1.5.0","com.unity.ml-agents_version":"4.0.0","scene_name":"SampleScene","end_time_seconds":"1768876430"}}